[["Indicate by check mark whether the registrant is a shell company (as defined in Rule 12b-2 of the Exchange Act).\u00a0 Yes\u00a0 \u2610\u00a0 \u00a0\u00a0 No \u2327", [{"V": ["Indicate"], "ARG2": ["by", "check", "mark"], "ARG1": ["whether", "the", "registrant", "is", "a", "shell", "company", "(", "as", "defined", "in", "Rule", "12b-2", "of", "the", "Exchange", "Act", ")", ".", "Yes", "\u2610", "No", "\u2327"]}, {"ARG1": ["the", "registrant"], "V": ["is"], "ARG2": ["a", "shell", "company", "(", "as", "defined", "in", "Rule", "12b-2", "of", "the", "Exchange", "Act", ")"]}, {"ARG1": ["a", "shell", "company"], "V": ["defined"], "ARGM-LOC": ["in", "Rule", "12b-2", "of", "the", "Exchange", "Act", ")"]}], [{"value": "\u2610", "label_info": {"documentation": "Boolean flag that is true when the registrant is a shell company as defined in Rule 12b-2 of the Exchange Act.", "label": "Entity Shell Company"}, "name": "dei_EntityShellCompany", "type": "booleanItemType"}]]]