[["QUARTERLY REPORT PURSUANT TO SECTION 13 OR 15(d) OF THE SECURITIES EXCHANGE ACT OF 1934 FOR THE QUARTERLY PERIOD ENDED MARCH 31, 2020", [], [{"value": "MARCH 31, 2020", "label_info": {"documentation": "The end date of the period reflected on the cover page if a periodic report. For all other reports and registration statements containing historical data, it is the date up through which that historical data is presented.  If there is no historical data in the report, use the filing date. The format of the date is CCYY-MM-DD.", "label": "Document Period End Date"}, "name": "dei_DocumentPeriodEndDate", "type": "dateItemType"}]], ["Smaller reporting company\u00a0\u00a0 \u2610", [], [{"value": "\u2610", "label_info": {"documentation": "Indicates that the company is a Smaller Reporting Company (SRC).", "label": "Entity Small Business"}, "name": "dei_EntitySmallBusiness", "type": "booleanItemType"}]], ["Emerging growth company\u00a0\u00a0 \u2610", [{"V": ["Emerging"], "ARG1": ["growth", "company"]}], [{"value": "\u2610", "label_info": {"documentation": "Indicate if registrant meets the emerging growth company criteria.", "label": "Entity Emerging Growth Company"}, "name": "dei_EntityEmergingGrowthCompany", "type": "booleanItemType"}]], ["Indicate by check mark whether the registrant is a shell company (as defined in Rule 12b-2 of the Exchange Act). Yes\u00a0 \u2610\u00a0 \u00a0No\u00a0 \u2611", [{"V": ["Indicate"], "ARG2": ["by", "check", "mark"], "ARG1": ["whether", "the", "registrant", "is", "a", "shell", "company", "(", "as", "defined", "in", "Rule", "12b-2", "of", "the", "Exchange", "Act", ")", ".", "Yes", "\u2610", "No", "\u2611"]}, {"ARG1": ["the", "registrant"], "V": ["is"], "ARG2": ["a", "shell", "company", "(", "as", "defined", "in", "Rule", "12b-2", "of", "the", "Exchange", "Act", ")"]}, {"ARG1": ["a", "shell", "company"], "V": ["defined"], "ARGM-LOC": ["in", "Rule", "12b-2", "of", "the", "Exchange", "Act", ")"]}], [{"value": "\u2610", "label_info": {"documentation": "Boolean flag that is true when the registrant is a shell company as defined in Rule 12b-2 of the Exchange Act.", "label": "Entity Shell Company"}, "name": "dei_EntityShellCompany", "type": "booleanItemType"}]]]