[["QUARTERLY REPORT PURSUANT TO SECTION 13 OR 15(d) OF THE SECURITIES EXCHANGE ACT OF 1934 FOR THE QUARTERLY PERIOD ENDED SEPTEMBER 30, 2019", [], [{"value": "SEPTEMBER 30, 2019", "label_info": {"documentation": "The end date of the period reflected on the cover page if a periodic report. For all other reports and registration statements containing historical data, it is the date up through which that historical data is presented.  If there is no historical data in the report, use the filing date. The format of the date is CCYY-MM-DD.", "label": "Document Period End Date"}, "name": "dei_DocumentPeriodEndDate", "type": "dateItemType"}]], ["Commission File Number: 001-12421", [], [{"value": "001-12421", "label_info": {"documentation": "Commission file number. The field allows up to 17 characters. The prefix may contain 1-3 digits, the sequence number may contain 1-8 digits, the optional suffix may contain 1-4 characters, and the fields are separated with a hyphen.", "label": "Entity File Number"}, "name": "dei_EntityFileNumber", "type": "fileNumberItemType"}]], ["Smaller reporting company\u00a0\u00a0 \u2610", [], [{"value": "\u2610", "label_info": {"documentation": "Indicates that the company is a Smaller Reporting Company (SRC).", "label": "Entity Small Business"}, "name": "dei_EntitySmallBusiness", "type": "booleanItemType"}]], ["Emerging growth company\u00a0\u00a0 \u2610", [{"V": ["Emerging"], "ARG1": ["growth", "company"]}], [{"value": "\u2610", "label_info": {"documentation": "Indicate if registrant meets the emerging growth company criteria.", "label": "Entity Emerging Growth Company"}, "name": "dei_EntityEmergingGrowthCompany", "type": "booleanItemType"}]], ["Indicate by check mark whether the registrant is a shell company (as defined in Rule 12b-2 of the Exchange Act). Yes\u00a0 \u2610\u00a0 \u00a0No\u00a0 \u2611", [{"V": ["Indicate"], "ARG2": ["by", "check", "mark"], "ARG1": ["whether", "the", "registrant", "is", "a", "shell", "company", "(", "as", "defined", "in", "Rule", "12b-2", "of", "the", "Exchange", "Act", ")", ".", "Yes", "\u2610", "No", "\u2611"]}, {"ARG1": ["the", "registrant"], "V": ["is"], "ARG2": ["a", "shell", "company", "(", "as", "defined", "in", "Rule", "12b-2", "of", "the", "Exchange", "Act", ")"]}, {"ARG1": ["a", "shell", "company"], "V": ["defined"], "ARGM-LOC": ["in", "Rule", "12b-2", "of", "the", "Exchange", "Act", ")"]}], [{"value": "\u2610", "label_info": {"documentation": "Boolean flag that is true when the registrant is a shell company as defined in Rule 12b-2 of the Exchange Act.", "label": "Entity Shell Company"}, "name": "dei_EntityShellCompany", "type": "booleanItemType"}]], ["Under ASC Topic 840, minimum future operating leases and financing obligations at December 31, 2018 are as follows (U.S. dollars in thousands):", [{"V": ["financing"], "ARG0": ["obligations"]}, {"ARGM-LOC": ["Under", "ASC", "Topic", "840", ",", "minimum", "future", "operating", "leases", "and", "financing", "obligations", "at", "December", "31"], "ARG1": ["2018"], "V": ["are"], "ARG2": ["as", "follows", "(", "U.S.", "dollars", "in", "thousands", "):"]}, {"V": ["follows"], "ARG1": ["(", "U.S.", "dollars"], "ARG2": ["in", "thousands"]}], [{"value": "Under ASC Topic 840, minimum future operating leases and financing obligations at December 31, 2018 are as follows (U.S. dollars in thousands):", "label_info": {"documentation": "Tabular disclosure of contractual obligation by timing of payment due. Includes, but is not limited to, long-term debt obligation, lease obligation, and purchase obligation.", "label": "Contractual Obligation, Fiscal Year Maturity [Table Text Block]", "terseLabel": "Minimum Future Operating Leases and Financing Obligations"}, "name": "srt_ContractualObligationFiscalYearMaturityScheduleTableTextBlock", "type": "textBlockItemType"}]]]